zipcode,area
33510,Tampa
33511,Tampa
33523,Tampa
33525,Tampa
33527,Tampa
33534,Tampa
33540,Tampa
33541,Tampa
33542,Tampa
33543,Tampa
33544,Tampa
33545,Tampa
33547,Tampa
33548,Tampa
33549,Tampa
33556,Tampa
33558,Tampa
33559,Tampa
33563,Tampa
33565,Tampa
33566,Tampa
33567,Tampa
33569,Tampa
33570,Tampa
33572,Tampa
33573,Tampa
33576,Tampa
33578,Tampa
33579,Tampa
33584,Tampa
33592,Tampa
33594,Tampa
33596,Tampa
33598,Tampa
33602,Tampa
33603,Tampa
33604,Tampa
33605,Tampa
33606,Tampa
33607,Tampa
33609,Tampa
33610,Tampa
33611,Tampa
33612,Tampa
33613,Tampa
33614,Tampa
33615,Tampa
33616,Tampa
33617,Tampa
33618,Tampa
33619,Tampa
33620,Tampa
33621,Tampa
33624,Tampa
33625,Tampa
33626,Tampa
33629,Tampa
33634,Tampa
33635,Tampa
33637,Tampa
33647,Tampa
33701,Tampa
33702,Tampa
33703,Tampa
33704,Tampa
33705,Tampa
33706,Tampa
33707,Tampa
33708,Tampa
33709,Tampa
33710,Tampa
33711,Tampa
33712,Tampa
33713,Tampa
33714,Tampa
33715,Tampa
33716,Tampa
33755,Tampa
33756,Tampa
33759,Tampa
33760,Tampa
33761,Tampa
33762,Tampa
33763,Tampa
33764,Tampa
33765,Tampa
33767,Tampa
33770,Tampa
33771,Tampa
33772,Tampa
33773,Tampa
33774,Tampa
33776,Tampa
33777,Tampa
33778,Tampa
33781,Tampa
33782,Tampa
33785,Tampa
33786,Tampa
33801,Tampa
33803,Tampa
33805,Tampa
33809,Tampa
33810,Tampa
33811,Tampa
33812,Tampa
33813,Tampa
33815,Tampa
34201,Tampa
34202,Tampa
34203,Tampa
34205,Tampa
34207,Tampa
34208,Tampa
34209,Tampa
34210,Tampa
34211,Tampa
34212,Tampa
34215,Tampa
34217,Tampa
34219,Tampa
34221,Tampa
34222,Tampa
34223,Tampa
34224,Tampa
34228,Tampa
34229,Tampa
34231,Tampa
34232,Tampa
34233,Tampa
34234,Tampa
34235,Tampa
34236,Tampa
34237,Tampa
34238,Tampa
34239,Tampa
34240,Tampa
34241,Tampa
34242,Tampa
34243,Tampa
34249,Tampa
34251,Tampa
34606,Tampa
34607,Tampa
34608,Tampa
34609,Tampa
34610,Tampa
34613,Tampa
34614,Tampa
34637,Tampa
34638,Tampa
34639,Tampa
34652,Tampa
34653,Tampa
34654,Tampa
34655,Tampa
34668,Tampa
34669,Tampa
34677,Tampa
34683,Tampa
34684,Tampa
34685,Tampa
34690,Tampa
34691,Tampa
34695,Tampa
34698,Tampa
32713,Tampa
32720,Tampa
32723,Tampa
32724,Tampa
32725,Tampa
32726,Tampa
32735,Tampa
32738,Tampa
32744,Tampa
32701,Tampa
32703,Tampa
32757,Tampa
32763,Tampa
32764,Tampa
32707,Tampa
32708,Tampa
32709,Tampa
32776,Tampa
32714,Tampa
32778,Tampa
32730,Tampa
32732,Tampa
32746,Tampa
32750,Tampa
32751,Tampa
32765,Tampa
32766,Tampa
32771,Tampa
32773,Tampa
32779,Tampa
32789,Tampa
32792,Tampa
32798,Tampa
32801,Tampa
32803,Tampa
32804,Tampa
32805,Tampa
32806,Tampa
32807,Tampa
32808,Tampa
32809,Tampa
32810,Tampa
32811,Tampa
32812,Tampa
32814,Tampa
32816,Tampa
32817,Tampa
32818,Tampa
32819,Tampa
32820,Tampa
32821,Tampa
32822,Tampa
32824,Tampa
32825,Tampa
32826,Tampa
32827,Tampa
32828,Tampa
32829,Tampa
32830,Tampa
32832,Tampa
32833,Tampa
32834,Tampa
32835,Tampa
32836,Tampa
32837,Tampa
32839,Tampa
34731,Tampa
32712,Tampa
33896,Tampa
33897,Tampa
33898,Tampa
34759,Tampa
34714,Tampa
33823,Tampa
33837,Tampa
33838,Tampa
33839,Tampa
33844,Tampa
33850,Tampa
33868,Tampa
33880,Tampa
33881,Tampa
33884,Tampa
32754,Tampa
34711,Tampa
34715,Tampa
34734,Tampa
34739,Tampa
34741,Tampa
34743,Tampa
34744,Tampa
34746,Tampa
34747,Tampa
34756,Tampa
34758,Tampa
34760,Tampa
34761,Tampa
34769,Tampa
34771,Tampa
34772,Tampa
34786,Tampa
34787,Tampa
33004,Miami
33009,Miami
33010,Miami
33012,Miami
33013,Miami
33014,Miami
33015,Miami
33016,Miami
33018,Miami
33019,Miami
33020,Miami
33021,Miami
33023,Miami
33024,Miami
33025,Miami
33026,Miami
33027,Miami
33028,Miami
33029,Miami
33030,Miami
33031,Miami
33032,Miami
33033,Miami
33034,Miami
33035,Miami
33054,Miami
33055,Miami
33056,Miami
33060,Miami
33062,Miami
33063,Miami
33064,Miami
33066,Miami
33067,Miami
33068,Miami
33069,Miami
33073,Miami
33076,Miami
33101,Miami
33106,Miami
33122,Miami
33125,Miami
33126,Miami
33127,Miami
33128,Miami
33129,Miami
33130,Miami
33131,Miami
33132,Miami
33133,Miami
33134,Miami
33135,Miami
33136,Miami
33137,Miami
33138,Miami
33139,Miami
33140,Miami
33141,Miami
33142,Miami
33143,Miami
33144,Miami
33145,Miami
33146,Miami
33147,Miami
33149,Miami
33150,Miami
33154,Miami
33155,Miami
33156,Miami
33157,Miami
33158,Miami
33160,Miami
33161,Miami
33162,Miami
33165,Miami
33166,Miami
33167,Miami
33168,Miami
33169,Miami
33170,Miami
33172,Miami
33173,Miami
33174,Miami
33175,Miami
33176,Miami
33177,Miami
33178,Miami
33179,Miami
33180,Miami
33181,Miami
33182,Miami
33183,Miami
33184,Miami
33185,Miami
33186,Miami
33187,Miami
33189,Miami
33190,Miami
33193,Miami
33194,Miami
33196,Miami
33198,Miami
33206,Miami
33266,Miami
33301,Miami
33304,Miami
33305,Miami
33306,Miami
33308,Miami
33309,Miami
33311,Miami
33312,Miami
33313,Miami
33314,Miami
33315,Miami
33316,Miami
33317,Miami
33319,Miami
33321,Miami
33322,Miami
33323,Miami
33324,Miami
33325,Miami
33326,Miami
33327,Miami
33328,Miami
33330,Miami
33331,Miami
33332,Miami
33334,Miami
33351,Miami
33065,Miami
33071,Miami
33401,Miami
33403,Miami
33404,Miami
33405,Miami
33406,Miami
33407,Miami
33408,Miami
33409,Miami
33410,Miami
33411,Miami
33412,Miami
33413,Miami
33414,Miami
33415,Miami
33417,Miami
33418,Miami
33426,Miami
33428,Miami
33431,Miami
33432,Miami
33433,Miami
33434,Miami
33435,Miami
33436,Miami
33437,Miami
33441,Miami
33442,Miami
33444,Miami
33445,Miami
33446,Miami
33455,Miami
33458,Miami
33460,Miami
33461,Miami
33462,Miami
33463,Miami
33467,Miami
33469,Miami
33470,Miami
33477,Miami
33478,Miami
33480,Miami
33483,Miami
33484,Miami
33486,Miami
33487,Miami
33496,Miami
33498,Miami